Create Database CSE_3A_244

Create table DEPOSIT(
	ACTNO INT,
	CNAME VARCHAR(50),
	BNAME VARCHAR(50),
	AMOUNT DECIMAL(8,2),
	ADATE DATETIME
);

insert into DEPOSIT VALUES(101,'ANIL','VRCE',1000.00,1-3-95)
insert into DEPOSIT VALUES(102,'SUNIL','AJNI',5000.00,4-1-96)
insert into DEPOSIT VALUES(103,'MEHUL','KAROLBAGH',3500.00,17-11-95)
insert into DEPOSIT VALUES(104,'MADHURI','CHANDI',1200.00,17-12-95)
insert into DEPOSIT VALUES(105,'PRAMOD','M.G.ROAD',3000.00,27-3-96)
insert into DEPOSIT VALUES(106,'SANDIP','ANDHERI',2000.00,31-3-96)
insert into DEPOSIT VALUES(107,'SHIVANI','VIRAR',1000.00,5-9-95)
insert into DEPOSIT VALUES(108,'KRANTI','NEHRU PLACE',5000.00,2-7-95)
insert into DEPOSIT VALUES(109,'MINU','POWAI',7000.00,10-8-95)

select * from DEPOSIT


CREATE table BRANCH(
	BNAME VARCHAR(50),
	CITY VARCHAR(50)
);

INSERT INTO BRANCH VALUES('VRCE','NAGPUR')
INSERT INTO BRANCH VALUES('AJNI','NAGPUR')
INSERT INTO BRANCH VALUES('KAROLBAGH','DELHI')
INSERT INTO BRANCH VALUES('CHANDI','DELHI')
INSERT INTO BRANCH VALUES('DHARAMPETH','NAGPUR')
INSERT INTO BRANCH VALUES('M.G.ROAD','BANGLORE')
INSERT INTO BRANCH VALUES('ANDHERI','BOMBAY')
INSERT INTO BRANCH VALUES('VIRAR','BOMBAY')
INSERT INTO BRANCH VALUES('NEHRU PLACE','DELHI')
INSERT INTO BRANCH VALUES('POWAI','BOMBAY')

select * from BRANCH


Create table CUSTOMERS(
	CNAME VARCHAR(50),
	CITY VARCHAR(50)
);

INSERT INTO CUSTOMERS VALUES('ANIL','CALCUTTA')
INSERT INTO CUSTOMERS VALUES('SUNIL','DELHI')
INSERT INTO CUSTOMERS VALUES('MEHUL','BARODA')
INSERT INTO CUSTOMERS VALUES('MANDAR','PATNA')
INSERT INTO CUSTOMERS VALUES('MADHURI','NAGPUR')
INSERT INTO CUSTOMERS VALUES('PRAMOD','NAGPUR')
INSERT INTO CUSTOMERS VALUES('SANDIP','SURAT')
INSERT INTO CUSTOMERS VALUES('SHIVANI','BOMBAY')
INSERT INTO CUSTOMERS VALUES('KRANTI','BOMBAY')
INSERT INTO CUSTOMERS VALUES('NAREN','BOMBAY')

select * from CUSTOMERS


Create table BORROW(
	LOANNO INT,
	CNAME VARCHAR(50),
	BNAME VARCHAR(50),
	AMOUNT DECIMAL(8,2)

);

INSERT INTO BORROW VALUES(201,'ANIL','VRCE',1000.00)
INSERT INTO BORROW VALUES(206,'MEHUL','AJNI',5000.00)
INSERT INTO BORROW VALUES(311,'SUNIL','DHARAMPETH',3000.00)
INSERT INTO BORROW VALUES(321,'MADHURI','ANDHERI',2000.00)
INSERT INTO BORROW VALUES(375,'PRAMOD','VIRAR',8000.00)
INSERT INTO BORROW VALUES(281,'KRANTI','NEHRU PLACE',3000.00)

select * from BORROW
